timestamp,irradiance_Wm2,temperature_C,power_kW
2026-02-01 00:00:00,0.0,0.75,0.0
2026-02-01 01:00:00,0.0,-0.21,0.0
2026-02-01 02:00:00,0.0,0.97,0.0
2026-02-01 03:00:00,0.0,2.28,0.0
2026-02-01 04:00:00,0.0,-0.35,0.0
2026-02-01 05:00:00,0.0,-0.35,0.0
2026-02-01 06:00:00,5.58,3.52,0.0
2026-02-01 07:00:00,127.33,3.4,9.55
2026-02-01 08:00:00,338.52,1.77,30.04
2026-02-01 09:00:00,419.93,7.2,37.57
2026-02-01 10:00:00,518.72,6.45,46.81
2026-02-01 11:00:00,498.48,5.7,44.57
2026-02-01 12:00:00,737.47,6.95,65.84
2026-02-01 13:00:00,829.81,8.87,73.46
2026-02-01 14:00:00,566.76,9.7,51.23
2026-02-01 15:00:00,629.17,7.83,56.32
2026-02-01 16:00:00,327.93,7.1,28.17
2026-02-01 17:00:00,162.06,8.12,14.2
2026-02-01 18:00:00,11.64,8.53,1.94
2026-02-01 19:00:00,0.0,7.73,0.0
2026-02-01 20:00:00,0.0,5.55,0.0
2026-02-01 21:00:00,0.0,4.06,0.0
2026-02-01 22:00:00,0.0,1.79,0.0
2026-02-01 23:00:00,0.0,4.69,0.0
2026-02-02 00:00:00,0.0,-0.27,0.0
2026-02-02 01:00:00,0.0,-0.62,0.0
2026-02-02 02:00:00,0.0,1.77,0.0
2026-02-02 03:00:00,0.0,-1.35,0.0
2026-02-02 04:00:00,0.0,1.25,0.0
2026-02-02 05:00:00,0.0,0.44,0.0
2026-02-02 06:00:00,7.23,1.03,1.01
2026-02-02 07:00:00,237.02,8.1,20.41
2026-02-02 08:00:00,322.94,3.6,29.16
2026-02-02 09:00:00,567.23,4.2,49.56
2026-02-02 10:00:00,667.99,5.1,61.03
2026-02-02 11:00:00,790.57,8.65,71.33
2026-02-02 12:00:00,839.2,6.7,75.14
2026-02-02 13:00:00,760.96,3.66,68.83
2026-02-02 14:00:00,469.42,6.71,42.09
2026-02-02 15:00:00,491.36,6.59,45.63
2026-02-02 16:00:00,405.28,7.87,36.54
2026-02-02 17:00:00,171.73,8.35,15.2
2026-02-02 18:00:00,0.0,5.44,0.0
2026-02-02 19:00:00,0.0,8.31,0.0
2026-02-02 20:00:00,0.0,6.98,0.0
2026-02-02 21:00:00,0.0,6.19,0.0
2026-02-02 22:00:00,0.0,2.69,0.0
2026-02-02 23:00:00,0.0,5.15,0.0
2026-02-03 00:00:00,0.0,-2.1,0.0
2026-02-03 01:00:00,0.0,0.88,0.0
2026-02-03 02:00:00,0.0,3.29,0.0
2026-02-03 03:00:00,0.0,-1.49,0.0
2026-02-03 04:00:00,0.0,-0.85,0.0
2026-02-03 05:00:00,0.0,0.15,0.0
2026-02-03 06:00:00,0.0,2.01,0.0
2026-02-03 07:00:00,135.54,1.45,12.67
2026-02-03 08:00:00,392.87,3.81,34.97
2026-02-03 09:00:00,336.59,6.22,29.06
2026-02-03 10:00:00,735.47,9.67,65.87
2026-02-03 11:00:00,820.54,6.99,74.63
2026-02-03 12:00:00,628.55,5.9,57.19
2026-02-03 13:00:00,495.58,8.08,43.89
2026-02-03 14:00:00,395.18,6.08,36.62
2026-02-03 15:00:00,416.06,6.54,38.23
2026-02-03 16:00:00,313.61,9.81,28.65
2026-02-03 17:00:00,201.47,7.27,17.38
2026-02-03 18:00:00,17.57,6.84,2.79
2026-02-03 19:00:00,0.0,7.4,0.0
2026-02-03 20:00:00,0.0,9.96,0.0
2026-02-03 21:00:00,0.0,5.14,0.0
2026-02-03 22:00:00,0.0,1.94,0.0
2026-02-03 23:00:00,0.0,2.99,0.0
2026-02-04 00:00:00,0.0,-1.44,0.0
2026-02-04 01:00:00,0.0,1.47,0.0
2026-02-04 02:00:00,0.0,0.06,0.0
2026-02-04 03:00:00,0.0,-0.21,0.0
2026-02-04 04:00:00,0.0,-0.19,0.0
2026-02-04 05:00:00,0.0,1.11,0.0
2026-02-04 06:00:00,0.0,-0.27,0.0
2026-02-04 07:00:00,197.08,2.27,18.45
2026-02-04 08:00:00,383.46,2.73,34.66
2026-02-04 09:00:00,535.04,5.08,49.03
2026-02-04 10:00:00,684.8,3.79,60.69
2026-02-04 11:00:00,792.56,6.98,71.35
2026-02-04 12:00:00,693.12,8.05,63.52
2026-02-04 13:00:00,744.43,7.9,65.85
2026-02-04 14:00:00,396.32,7.18,35.75
2026-02-04 15:00:00,430.58,8.54,38.34
2026-02-04 16:00:00,235.01,7.2,22.24
2026-02-04 17:00:00,162.47,7.83,15.17
2026-02-04 18:00:00,0.0,7.26,0.0
2026-02-04 19:00:00,0.0,5.62,0.0
2026-02-04 20:00:00,0.0,9.07,0.0
2026-02-04 21:00:00,0.0,5.95,0.0
2026-02-04 22:00:00,0.0,1.01,0.0
2026-02-04 23:00:00,0.0,3.32,0.0
2026-02-05 00:00:00,0.0,-0.99,0.0
2026-02-05 01:00:00,0.0,1.28,0.0
2026-02-05 02:00:00,0.0,-1.19,0.0
2026-02-05 03:00:00,0.0,-0.17,0.0
2026-02-05 04:00:00,0.0,0.76,0.0
2026-02-05 05:00:00,0.0,1.3,0.0
2026-02-05 06:00:00,0.0,1.52,0.0
2026-02-05 07:00:00,180.92,3.65,15.02
2026-02-05 08:00:00,458.2,4.62,42.89
2026-02-05 09:00:00,482.46,4.27,44.69
2026-02-05 10:00:00,381.17,5.5,36.18
2026-02-05 11:00:00,412.37,5.06,36.86
2026-02-05 12:00:00,604.37,9.51,55.72
2026-02-05 13:00:00,483.18,5.48,44.65
2026-02-05 14:00:00,646.62,7.61,58.26
2026-02-05 15:00:00,506.86,8.99,47.2
2026-02-05 16:00:00,303.35,8.94,27.37
2026-02-05 17:00:00,167.06,6.7,14.83
2026-02-05 18:00:00,0.0,6.26,0.0
2026-02-05 19:00:00,0.0,6.06,0.0
2026-02-05 20:00:00,0.0,7.28,0.0
2026-02-05 21:00:00,0.0,7.18,0.0
2026-02-05 22:00:00,0.0,4.6,0.0
2026-02-05 23:00:00,0.0,3.91,0.0
2026-02-06 00:00:00,0.0,-0.94,0.0
2026-02-06 01:00:00,0.0,1.32,0.0
2026-02-06 02:00:00,0.0,0.83,0.0
2026-02-06 03:00:00,0.0,-1.07,0.0
2026-02-06 04:00:00,0.0,-2.68,0.0
2026-02-06 05:00:00,0.0,-1.83,0.0
2026-02-06 06:00:00,10.94,1.7,0.77
2026-02-06 07:00:00,225.9,2.43,20.59
2026-02-06 08:00:00,454.18,4.08,41.56
2026-02-06 09:00:00,435.84,4.59,38.61
2026-02-06 10:00:00,761.9,6.75,67.75
2026-02-06 11:00:00,603.96,8.4,53.16
2026-02-06 12:00:00,801.05,8.14,72.08
2026-02-06 13:00:00,441.74,4.5,41.53
2026-02-06 14:00:00,719.15,7.43,65.14
2026-02-06 15:00:00,503.64,7.35,45.53
2026-02-06 16:00:00,400.5,8.26,34.6
2026-02-06 17:00:00,182.98,6.64,17.83
2026-02-06 18:00:00,6.22,9.41,1.42
2026-02-06 19:00:00,0.0,6.36,0.0
2026-02-06 20:00:00,0.0,5.83,0.0
2026-02-06 21:00:00,0.0,3.5,0.0
2026-02-06 22:00:00,0.0,4.02,0.0
2026-02-06 23:00:00,0.0,2.61,0.0
2026-02-07 00:00:00,0.0,0.48,0.0
2026-02-07 01:00:00,0.0,-1.24,0.0
2026-02-07 02:00:00,0.0,0.78,0.0
2026-02-07 03:00:00,0.0,2.3,0.0
2026-02-07 04:00:00,0.0,-0.16,0.0
2026-02-07 05:00:00,0.0,0.6,0.0
2026-02-07 06:00:00,0.0,2.69,0.0
2026-02-07 07:00:00,233.14,3.06,21.08
2026-02-07 08:00:00,427.63,7.47,38.89
2026-02-07 09:00:00,582.65,3.85,53.31
2026-02-07 10:00:00,411.09,5.69,37.97
2026-02-07 11:00:00,687.42,5.7,59.74
2026-02-07 12:00:00,702.13,4.33,63.55
2026-02-07 13:00:00,770.43,8.38,68.02
2026-02-07 14:00:00,789.84,7.8,70.8
2026-02-07 15:00:00,541.85,10.03,48.65
2026-02-07 16:00:00,343.09,7.75,30.82
2026-02-07 17:00:00,217.29,7.71,19.11
2026-02-07 18:00:00,12.46,5.14,1.66
2026-02-07 19:00:00,0.0,8.19,0.0
2026-02-07 20:00:00,0.0,8.17,0.0
2026-02-07 21:00:00,0.0,3.76,0.0
2026-02-07 22:00:00,0.0,3.6,0.0
2026-02-07 23:00:00,0.0,3.41,0.0
2026-02-08 00:00:00,0.0,3.07,0.0
2026-02-08 01:00:00,0.0,0.17,0.0
2026-02-08 02:00:00,0.0,2.33,0.0
2026-02-08 03:00:00,0.0,0.25,0.0
2026-02-08 04:00:00,0.0,1.73,0.0
2026-02-08 05:00:00,0.0,1.54,0.0
2026-02-08 06:00:00,3.32,2.97,1.67
2026-02-08 07:00:00,189.8,2.53,15.35
2026-02-08 08:00:00,352.32,3.65,32.43
2026-02-08 09:00:00,472.01,7.0,43.46
2026-02-08 10:00:00,766.36,3.3,68.92
2026-02-08 11:00:00,634.11,7.2,58.19
2026-02-08 12:00:00,529.24,7.75,46.69
2026-02-08 13:00:00,528.67,7.2,49.64
2026-02-08 14:00:00,450.48,7.11,39.75
2026-02-08 15:00:00,345.84,7.71,31.18
2026-02-08 16:00:00,334.68,6.86,30.34
2026-02-08 17:00:00,235.24,6.71,20.44
2026-02-08 18:00:00,11.59,6.78,0.0
2026-02-08 19:00:00,0.0,4.32,0.0
2026-02-08 20:00:00,0.0,7.91,0.0
2026-02-08 21:00:00,0.0,7.47,0.0
2026-02-08 22:00:00,0.0,3.68,0.0
2026-02-08 23:00:00,0.0,3.91,0.0
2026-02-09 00:00:00,0.0,0.47,0.0
2026-02-09 01:00:00,0.0,4.62,0.0
2026-02-09 02:00:00,0.0,1.68,0.0
2026-02-09 03:00:00,0.0,-0.19,0.0
2026-02-09 04:00:00,0.0,-1.43,0.0
2026-02-09 05:00:00,0.0,-2.41,0.0
2026-02-09 06:00:00,4.07,1.72,0.32
2026-02-09 07:00:00,141.05,1.42,14.38
2026-02-09 08:00:00,420.2,2.74,37.81
2026-02-09 09:00:00,519.57,5.81,45.72
2026-02-09 10:00:00,496.5,7.95,43.37
2026-02-09 11:00:00,654.79,7.44,58.28
2026-02-09 12:00:00,524.21,5.95,46.63
2026-02-09 13:00:00,825.43,6.39,74.56
2026-02-09 14:00:00,432.37,8.49,38.83
2026-02-09 15:00:00,582.07,9.13,52.89
2026-02-09 16:00:00,414.56,10.97,38.93
2026-02-09 17:00:00,135.82,8.49,11.46
2026-02-09 18:00:00,0.0,6.51,0.0
2026-02-09 19:00:00,0.0,6.14,0.0
2026-02-09 20:00:00,0.0,3.57,0.0
2026-02-09 21:00:00,0.0,6.2,0.0
2026-02-09 22:00:00,0.0,2.34,0.0
2026-02-09 23:00:00,0.0,3.44,0.0
2026-02-10 00:00:00,0.0,4.18,0.0
2026-02-10 01:00:00,0.0,-2.42,0.0
2026-02-10 02:00:00,0.0,-0.22,0.0
2026-02-10 03:00:00,0.0,-0.61,0.0
2026-02-10 04:00:00,0.0,-0.9,0.0
2026-02-10 05:00:00,0.0,1.14,0.0
2026-02-10 06:00:00,10.6,4.16,0.0
2026-02-10 07:00:00,141.16,3.3,12.79
2026-02-10 08:00:00,267.51,3.82,25.24
2026-02-10 09:00:00,367.76,4.11,33.69
2026-02-10 10:00:00,461.38,5.23,41.81
2026-02-10 11:00:00,632.15,6.19,57.84
2026-02-10 12:00:00,776.71,5.68,68.03
2026-02-10 13:00:00,752.6,5.27,67.75
2026-02-10 14:00:00,756.87,4.59,68.35
2026-02-10 15:00:00,370.81,8.25,33.94
2026-02-10 16:00:00,307.12,7.29,28.27
2026-02-10 17:00:00,265.99,6.91,24.34
2026-02-10 18:00:00,16.61,5.91,1.57
2026-02-10 19:00:00,0.0,5.88,0.0
2026-02-10 20:00:00,0.0,6.58,0.0
2026-02-10 21:00:00,0.0,5.5,0.0
2026-02-10 22:00:00,0.0,5.61,0.0
2026-02-10 23:00:00,0.0,2.28,0.0
2026-02-11 00:00:00,0.0,-0.4,0.0
2026-02-11 01:00:00,0.0,-1.47,0.0
2026-02-11 02:00:00,0.0,-0.67,0.0
2026-02-11 03:00:00,0.0,0.57,0.0
2026-02-11 04:00:00,0.0,1.14,0.0
2026-02-11 05:00:00,0.0,-1.38,0.0
2026-02-11 06:00:00,27.72,3.51,0.86
2026-02-11 07:00:00,162.35,0.37,16.11
2026-02-11 08:00:00,332.56,8.02,29.73
2026-02-11 09:00:00,596.64,5.16,54.42
2026-02-11 10:00:00,665.54,6.52,60.15
2026-02-11 11:00:00,675.59,8.99,60.29
2026-02-11 12:00:00,868.66,8.37,80.72
2026-02-11 13:00:00,618.58,7.4,55.25
2026-02-11 14:00:00,719.64,4.43,64.54
2026-02-11 15:00:00,441.16,7.5,41.37
2026-02-11 16:00:00,253.03,7.69,22.77
2026-02-11 17:00:00,138.88,7.29,13.2
2026-02-11 18:00:00,0.0,7.97,0.0
2026-02-11 19:00:00,0.0,5.4,0.0
2026-02-11 20:00:00,0.0,5.61,0.0
2026-02-11 21:00:00,0.0,5.0,0.0
2026-02-11 22:00:00,0.0,4.29,0.0
2026-02-11 23:00:00,0.0,2.03,0.0
2026-02-12 00:00:00,0.0,0.22,0.0
2026-02-12 01:00:00,0.0,-1.17,0.0
2026-02-12 02:00:00,0.0,1.01,0.0
2026-02-12 03:00:00,0.0,-0.17,0.0
2026-02-12 04:00:00,0.0,0.23,0.0
2026-02-12 05:00:00,0.0,3.85,0.0
2026-02-12 06:00:00,0.0,1.62,0.0
2026-02-12 07:00:00,207.62,-0.08,17.45
2026-02-12 08:00:00,344.07,3.49,29.56
2026-02-12 09:00:00,507.56,4.46,45.61
2026-02-12 10:00:00,469.28,7.76,42.96
2026-02-12 11:00:00,420.65,6.74,37.73
2026-02-12 12:00:00,505.9,8.27,45.29
2026-02-12 13:00:00,741.12,7.99,66.95
2026-02-12 14:00:00,522.88,8.83,47.65
2026-02-12 15:00:00,316.14,5.5,30.22
2026-02-12 16:00:00,415.4,9.48,36.68
2026-02-12 17:00:00,157.05,8.77,12.72
2026-02-12 18:00:00,0.0,9.74,0.0
2026-02-12 19:00:00,0.0,6.91,0.0
2026-02-12 20:00:00,0.0,5.71,0.0
2026-02-12 21:00:00,0.0,4.18,0.0
2026-02-12 22:00:00,0.0,4.65,0.0
2026-02-12 23:00:00,0.0,2.99,0.0
2026-02-13 00:00:00,0.0,1.65,0.0
2026-02-13 01:00:00,0.0,0.17,0.0
2026-02-13 02:00:00,0.0,0.23,0.0
2026-02-13 03:00:00,0.0,-0.55,0.0
2026-02-13 04:00:00,0.0,-0.09,0.0
2026-02-13 05:00:00,0.0,0.46,0.0
2026-02-13 06:00:00,0.0,1.07,0.0
2026-02-13 07:00:00,205.35,3.07,18.83
2026-02-13 08:00:00,231.04,4.88,22.8
2026-02-13 09:00:00,596.57,5.38,54.67
2026-02-13 10:00:00,603.66,6.62,54.17
2026-02-13 11:00:00,617.34,5.66,55.59
2026-02-13 12:00:00,517.87,7.49,45.17
2026-02-13 13:00:00,615.5,6.25,54.04
2026-02-13 14:00:00,681.41,5.28,63.41
2026-02-13 15:00:00,610.2,6.71,55.62
2026-02-13 16:00:00,244.17,5.63,21.97
2026-02-13 17:00:00,172.81,9.36,14.85
2026-02-13 18:00:00,3.6,6.69,2.3
2026-02-13 19:00:00,0.0,6.53,0.0
2026-02-13 20:00:00,0.0,3.52,0.0
2026-02-13 21:00:00,0.0,4.4,0.0
2026-02-13 22:00:00,0.0,4.8,0.0
2026-02-13 23:00:00,0.0,3.84,0.0
2026-02-14 00:00:00,0.0,-1.63,0.0
2026-02-14 01:00:00,0.0,1.39,0.0
2026-02-14 02:00:00,0.0,-2.64,0.0
2026-02-14 03:00:00,0.0,1.72,0.0
2026-02-14 04:00:00,0.0,-1.98,0.0
2026-02-14 05:00:00,0.0,-0.34,0.0
2026-02-14 06:00:00,7.6,2.92,1.24
2026-02-14 07:00:00,218.71,2.36,20.32
2026-02-14 08:00:00,343.71,4.36,31.21
2026-02-14 09:00:00,583.97,5.67,52.34
2026-02-14 10:00:00,767.35,6.88,69.09
2026-02-14 11:00:00,573.96,4.49,52.16
2026-02-14 12:00:00,508.7,6.48,47.04
2026-02-14 13:00:00,445.18,8.26,38.14
2026-02-14 14:00:00,718.5,5.68,64.93
2026-02-14 15:00:00,410.12,9.07,36.96
2026-02-14 16:00:00,394.38,10.02,37.79
2026-02-14 17:00:00,210.97,5.12,17.23
2026-02-14 18:00:00,0.0,6.77,0.0
2026-02-14 19:00:00,0.0,4.58,0.0
2026-02-14 20:00:00,0.0,4.48,0.0
2026-02-14 21:00:00,0.0,3.49,0.0
2026-02-14 22:00:00,0.0,2.9,0.0
2026-02-14 23:00:00,0.0,2.99,0.0
2026-02-15 00:00:00,0.0,0.35,0.0
2026-02-15 01:00:00,0.0,2.33,0.0
2026-02-15 02:00:00,0.0,-1.5,0.0
2026-02-15 03:00:00,0.0,1.48,0.0
2026-02-15 04:00:00,0.0,-0.32,0.0
2026-02-15 05:00:00,0.0,-0.07,0.0
2026-02-15 06:00:00,13.5,3.75,2.84
2026-02-15 07:00:00,163.43,2.25,14.09
2026-02-15 08:00:00,389.3,3.31,34.87
2026-02-15 09:00:00,654.97,4.14,58.12
2026-02-15 10:00:00,717.08,4.8,63.83
2026-02-15 11:00:00,699.02,9.29,62.3
2026-02-15 12:00:00,842.18,8.01,76.88
2026-02-15 13:00:00,670.57,6.44,58.97
2026-02-15 14:00:00,657.02,6.65,59.12
2026-02-15 15:00:00,377.91,8.34,34.0
2026-02-15 16:00:00,356.9,9.72,32.46
2026-02-15 17:00:00,170.62,10.41,15.94
2026-02-15 18:00:00,0.0,8.6,0.0
2026-02-15 19:00:00,0.0,7.23,0.0
2026-02-15 20:00:00,0.0,6.47,0.0
2026-02-15 21:00:00,0.0,6.07,0.0
2026-02-15 22:00:00,0.0,4.81,0.0
2026-02-15 23:00:00,0.0,4.33,0.0
2026-02-16 00:00:00,0.0,1.51,0.0
2026-02-16 01:00:00,0.0,2.3,0.0
2026-02-16 02:00:00,0.0,-0.97,0.0
2026-02-16 03:00:00,0.0,0.72,0.0
2026-02-16 04:00:00,0.0,-0.56,0.0
2026-02-16 05:00:00,0.0,-1.25,0.0
2026-02-16 06:00:00,7.37,1.41,0.69
2026-02-16 07:00:00,142.78,4.27,11.36
2026-02-16 08:00:00,418.57,5.17,38.32
2026-02-16 09:00:00,609.61,5.4,54.46
2026-02-16 10:00:00,598.74,6.28,54.49
2026-02-16 11:00:00,482.96,6.86,43.87
2026-02-16 12:00:00,502.0,5.66,45.31
2026-02-16 13:00:00,571.01,6.92,51.52
2026-02-16 14:00:00,718.18,8.47,66.2
2026-02-16 15:00:00,534.31,5.45,47.68
2026-02-16 16:00:00,420.39,4.61,38.28
2026-02-16 17:00:00,187.22,9.32,18.16
2026-02-16 18:00:00,13.0,7.05,3.02
2026-02-16 19:00:00,0.0,4.99,0.0
2026-02-16 20:00:00,0.0,3.57,0.0
2026-02-16 21:00:00,0.0,3.96,0.0
2026-02-16 22:00:00,0.0,3.98,0.0
2026-02-16 23:00:00,0.0,3.41,0.0
2026-02-17 00:00:00,0.0,-0.36,0.0
2026-02-17 01:00:00,0.0,0.53,0.0
2026-02-17 02:00:00,0.0,-1.88,0.0
2026-02-17 03:00:00,0.0,2.17,0.0
2026-02-17 04:00:00,0.0,-0.12,0.0
2026-02-17 05:00:00,0.0,1.68,0.0
2026-02-17 06:00:00,5.39,1.65,1.19
2026-02-17 07:00:00,229.31,4.01,21.97
2026-02-17 08:00:00,279.51,4.79,24.13
2026-02-17 09:00:00,357.04,3.99,33.93
2026-02-17 10:00:00,453.04,5.84,39.18
2026-02-17 11:00:00,792.63,5.93,69.45
2026-02-17 12:00:00,451.77,6.16,43.13
2026-02-17 13:00:00,551.53,8.82,50.06
2026-02-17 14:00:00,693.14,7.05,62.12
2026-02-17 15:00:00,624.09,7.99,55.01
2026-02-17 16:00:00,374.58,10.58,32.84
2026-02-17 17:00:00,158.06,6.14,13.94
2026-02-17 18:00:00,19.78,8.13,1.29
2026-02-17 19:00:00,0.0,5.93,0.0
2026-02-17 20:00:00,0.0,6.27,0.0
2026-02-17 21:00:00,0.0,3.8,0.0
2026-02-17 22:00:00,0.0,6.77,0.0
2026-02-17 23:00:00,0.0,3.58,0.0
2026-02-18 00:00:00,0.0,0.59,0.0
2026-02-18 01:00:00,0.0,1.02,0.0
2026-02-18 02:00:00,0.0,-0.87,0.0
2026-02-18 03:00:00,0.0,1.63,0.0
2026-02-18 04:00:00,0.0,0.17,0.0
2026-02-18 05:00:00,0.0,1.43,0.0
2026-02-18 06:00:00,41.51,0.97,5.47
2026-02-18 07:00:00,129.93,1.49,11.16
2026-02-18 08:00:00,402.2,7.27,37.93
2026-02-18 09:00:00,399.62,3.31,36.53
2026-02-18 10:00:00,649.66,3.35,58.87
2026-02-18 11:00:00,770.44,3.8,68.44
2026-02-18 12:00:00,621.46,8.77,57.62
2026-02-18 13:00:00,637.03,5.19,56.76
2026-02-18 14:00:00,650.09,9.98,57.88
2026-02-18 15:00:00,553.89,8.49,49.56
2026-02-18 16:00:00,346.63,7.35,31.97
2026-02-18 17:00:00,101.34,5.9,9.44
2026-02-18 18:00:00,0.0,8.94,0.0
2026-02-18 19:00:00,0.0,5.89,0.0
2026-02-18 20:00:00,0.0,6.38,0.0
2026-02-18 21:00:00,0.0,4.93,0.0
2026-02-18 22:00:00,0.0,4.77,0.0
2026-02-18 23:00:00,0.0,3.16,0.0
2026-02-19 00:00:00,0.0,-1.92,0.0
2026-02-19 01:00:00,0.0,1.49,0.0
2026-02-19 02:00:00,0.0,-0.74,0.0
2026-02-19 03:00:00,0.0,-2.33,0.0
2026-02-19 04:00:00,0.0,-0.64,0.0
2026-02-19 05:00:00,0.0,2.25,0.0
2026-02-19 06:00:00,17.0,3.27,2.75
2026-02-19 07:00:00,179.39,3.69,17.18
2026-02-19 08:00:00,276.09,3.56,24.3
2026-02-19 09:00:00,350.92,5.08,32.32
2026-02-19 10:00:00,511.31,4.97,46.03
2026-02-19 11:00:00,517.47,7.12,47.57
2026-02-19 12:00:00,612.06,5.89,55.49
2026-02-19 13:00:00,469.86,6.08,42.9
2026-02-19 14:00:00,746.63,8.32,66.55
2026-02-19 15:00:00,455.58,8.33,41.87
2026-02-19 16:00:00,447.45,7.86,42.27
2026-02-19 17:00:00,192.45,9.21,18.43
2026-02-19 18:00:00,23.74,5.56,3.77
2026-02-19 19:00:00,0.0,5.44,0.0
2026-02-19 20:00:00,0.0,6.3,0.0
2026-02-19 21:00:00,0.0,6.51,0.0
2026-02-19 22:00:00,0.0,3.67,0.0
2026-02-19 23:00:00,0.0,3.55,0.0
2026-02-20 00:00:00,0.0,2.15,0.0
2026-02-20 01:00:00,0.0,0.85,0.0
2026-02-20 02:00:00,0.0,0.53,0.0
2026-02-20 03:00:00,0.0,-2.53,0.0
2026-02-20 04:00:00,0.0,-1.4,0.0
2026-02-20 05:00:00,0.0,1.57,0.0
2026-02-20 06:00:00,11.4,1.55,2.4
2026-02-20 07:00:00,214.13,1.5,17.99
2026-02-20 08:00:00,348.61,2.57,29.22
2026-02-20 09:00:00,367.92,4.1,33.28
2026-02-20 10:00:00,636.12,4.82,59.5
2026-02-20 11:00:00,600.93,8.29,53.63
2026-02-20 12:00:00,603.16,5.11,52.64
2026-02-20 13:00:00,733.42,8.73,66.69
2026-02-20 14:00:00,681.08,9.05,61.58
2026-02-20 15:00:00,391.9,8.83,35.24
2026-02-20 16:00:00,263.77,6.43,22.64
2026-02-20 17:00:00,171.75,8.23,16.97
2026-02-20 18:00:00,15.46,5.72,1.17
2026-02-20 19:00:00,0.0,7.42,0.0
2026-02-20 20:00:00,0.0,4.4,0.0
2026-02-20 21:00:00,0.0,5.16,0.0
2026-02-20 22:00:00,0.0,2.05,0.0
2026-02-20 23:00:00,0.0,2.14,0.0
2026-02-21 00:00:00,0.0,0.48,0.0
2026-02-21 01:00:00,0.0,-2.39,0.0
2026-02-21 02:00:00,0.0,0.66,0.0
2026-02-21 03:00:00,0.0,-0.03,0.0
2026-02-21 04:00:00,0.0,0.83,0.0
2026-02-21 05:00:00,0.0,0.34,0.0
2026-02-21 06:00:00,27.28,2.71,2.59
2026-02-21 07:00:00,187.51,3.1,16.17
2026-02-21 08:00:00,349.21,5.78,31.13
2026-02-21 09:00:00,579.71,3.96,51.46
2026-02-21 10:00:00,728.19,8.59,64.71
2026-02-21 11:00:00,459.49,9.81,40.17
2026-02-21 12:00:00,787.79,6.66,71.35
2026-02-21 13:00:00,477.15,7.42,43.91
2026-02-21 14:00:00,524.31,10.1,45.5
2026-02-21 15:00:00,460.19,10.46,43.1
2026-02-21 16:00:00,369.73,8.36,32.74
2026-02-21 17:00:00,176.25,7.33,15.28
2026-02-21 18:00:00,0.0,6.32,0.0
2026-02-21 19:00:00,0.0,6.3,0.0
2026-02-21 20:00:00,0.0,4.72,0.0
2026-02-21 21:00:00,0.0,5.05,0.0
2026-02-21 22:00:00,0.0,3.12,0.0
2026-02-21 23:00:00,0.0,4.09,0.0
2026-02-22 00:00:00,0.0,1.55,0.0
2026-02-22 01:00:00,0.0,0.16,0.0
2026-02-22 02:00:00,0.0,0.69,0.0
2026-02-22 03:00:00,0.0,3.18,0.0
2026-02-22 04:00:00,0.0,-1.76,0.0
2026-02-22 05:00:00,0.0,-1.85,0.0
2026-02-22 06:00:00,33.45,2.63,2.31
2026-02-22 07:00:00,180.84,1.56,16.91
2026-02-22 08:00:00,343.34,2.7,30.16
2026-02-22 09:00:00,554.49,4.2,48.5
2026-02-22 10:00:00,473.37,6.07,44.92
2026-02-22 11:00:00,481.27,5.81,43.68
2026-02-22 12:00:00,835.89,8.63,74.44
2026-02-22 13:00:00,446.14,7.77,40.86
2026-02-22 14:00:00,486.71,4.68,44.19
2026-02-22 15:00:00,660.61,8.38,59.45
2026-02-22 16:00:00,418.21,7.76,38.56
2026-02-22 17:00:00,211.76,8.49,19.66
2026-02-22 18:00:00,0.0,6.06,0.0
2026-02-22 19:00:00,0.0,7.4,0.0
2026-02-22 20:00:00,0.0,4.51,0.0
2026-02-22 21:00:00,0.0,5.04,0.0
2026-02-22 22:00:00,0.0,4.04,0.0
2026-02-22 23:00:00,0.0,4.67,0.0
2026-02-23 00:00:00,0.0,0.71,0.0
2026-02-23 01:00:00,0.0,-0.04,0.0
2026-02-23 02:00:00,0.0,1.23,0.0
2026-02-23 03:00:00,0.0,2.09,0.0
2026-02-23 04:00:00,0.0,0.84,0.0
2026-02-23 05:00:00,0.0,0.02,0.0
2026-02-23 06:00:00,0.0,1.44,0.0
2026-02-23 07:00:00,104.56,3.13,9.94
2026-02-23 08:00:00,406.26,3.08,33.68
2026-02-23 09:00:00,357.69,3.19,32.79
2026-02-23 10:00:00,611.84,6.48,54.38
2026-02-23 11:00:00,865.85,6.82,77.59
2026-02-23 12:00:00,881.38,6.58,78.96
2026-02-23 13:00:00,464.45,7.06,41.97
2026-02-23 14:00:00,557.55,9.28,50.68
2026-02-23 15:00:00,499.55,5.95,44.73
2026-02-23 16:00:00,331.9,7.43,30.75
2026-02-23 17:00:00,133.0,6.77,9.38
2026-02-23 18:00:00,17.26,6.0,1.66
2026-02-23 19:00:00,0.0,4.92,0.0
2026-02-23 20:00:00,0.0,4.37,0.0
2026-02-23 21:00:00,0.0,4.95,0.0
2026-02-23 22:00:00,0.0,1.11,0.0
2026-02-23 23:00:00,0.0,6.13,0.0
2026-02-24 00:00:00,0.0,-1.79,0.0
2026-02-24 01:00:00,0.0,-0.06,0.0
2026-02-24 02:00:00,0.0,1.75,0.0
2026-02-24 03:00:00,0.0,-1.29,0.0
2026-02-24 04:00:00,0.0,-3.45,0.0
2026-02-24 05:00:00,0.0,-0.67,0.0
2026-02-24 06:00:00,29.42,1.69,1.98
2026-02-24 07:00:00,217.41,0.64,19.16
2026-02-24 08:00:00,457.34,3.14,41.9
2026-02-24 09:00:00,526.77,4.04,47.58
2026-02-24 10:00:00,600.94,4.84,56.1
2026-02-24 11:00:00,455.51,6.95,40.54
2026-02-24 12:00:00,455.5,5.74,42.2
2026-02-24 13:00:00,709.0,6.96,63.37
2026-02-24 14:00:00,451.77,8.99,41.66
2026-02-24 15:00:00,501.83,6.12,44.66
2026-02-24 16:00:00,278.88,8.74,25.55
2026-02-24 17:00:00,164.65,9.82,16.62
2026-02-24 18:00:00,10.77,8.8,0.6
2026-02-24 19:00:00,0.0,5.34,0.0
2026-02-24 20:00:00,0.0,4.29,0.0
2026-02-24 21:00:00,0.0,2.05,0.0
2026-02-24 22:00:00,0.0,7.14,0.0
2026-02-24 23:00:00,0.0,1.39,0.0
2026-02-25 00:00:00,0.0,-0.33,0.0
2026-02-25 01:00:00,0.0,-0.42,0.0
2026-02-25 02:00:00,0.0,0.46,0.0
2026-02-25 03:00:00,0.0,1.22,0.0
2026-02-25 04:00:00,0.0,1.29,0.0
2026-02-25 05:00:00,0.0,-0.87,0.0
2026-02-25 06:00:00,16.75,0.78,2.72
2026-02-25 07:00:00,198.51,4.04,19.04
2026-02-25 08:00:00,271.45,4.1,24.34
2026-02-25 09:00:00,547.49,4.21,49.86
2026-02-25 10:00:00,596.74,6.94,56.01
2026-02-25 11:00:00,677.14,7.44,59.18
2026-02-25 12:00:00,766.57,8.55,68.37
2026-02-25 13:00:00,644.85,7.32,57.19
2026-02-25 14:00:00,706.72,5.81,64.32
2026-02-25 15:00:00,406.96,9.79,36.02
2026-02-25 16:00:00,320.7,6.25,28.41
2026-02-25 17:00:00,202.16,10.23,17.8
2026-02-25 18:00:00,0.0,9.38,0.0
2026-02-25 19:00:00,0.0,9.12,0.0
2026-02-25 20:00:00,0.0,4.73,0.0
2026-02-25 21:00:00,0.0,6.75,0.0
2026-02-25 22:00:00,0.0,3.19,0.0
2026-02-25 23:00:00,0.0,3.31,0.0
2026-02-26 00:00:00,0.0,-1.25,0.0
2026-02-26 01:00:00,0.0,3.32,0.0
2026-02-26 02:00:00,0.0,-0.44,0.0
2026-02-26 03:00:00,0.0,0.19,0.0
2026-02-26 04:00:00,0.0,-1.03,0.0
2026-02-26 05:00:00,0.0,2.79,0.0
2026-02-26 06:00:00,37.73,3.54,3.99
2026-02-26 07:00:00,147.75,5.01,14.41
2026-02-26 08:00:00,371.24,4.18,34.89
2026-02-26 09:00:00,449.63,3.67,39.62
2026-02-26 10:00:00,472.98,8.13,43.2
2026-02-26 11:00:00,872.41,7.46,80.38
2026-02-26 12:00:00,782.01,6.86,69.42
2026-02-26 13:00:00,823.67,4.73,72.88
2026-02-26 14:00:00,537.85,8.12,46.64
2026-02-26 15:00:00,433.91,7.71,38.68
2026-02-26 16:00:00,413.63,6.15,34.35
2026-02-26 17:00:00,136.13,7.07,9.38
2026-02-26 18:00:00,0.0,6.29,0.0
2026-02-26 19:00:00,0.0,7.3,0.0
2026-02-26 20:00:00,0.0,4.36,0.0
2026-02-26 21:00:00,0.0,5.45,0.0
2026-02-26 22:00:00,0.0,5.2,0.0
2026-02-26 23:00:00,0.0,4.88,0.0
2026-02-27 00:00:00,0.0,-0.15,0.0
2026-02-27 01:00:00,0.0,-0.31,0.0
2026-02-27 02:00:00,0.0,-1.32,0.0
2026-02-27 03:00:00,0.0,-1.24,0.0
2026-02-27 04:00:00,0.0,-0.34,0.0
2026-02-27 05:00:00,0.0,0.55,0.0
2026-02-27 06:00:00,0.0,4.35,0.0
2026-02-27 07:00:00,206.5,1.92,16.16
2026-02-27 08:00:00,320.83,4.42,28.96
2026-02-27 09:00:00,465.19,4.21,42.66
2026-02-27 10:00:00,441.83,3.86,42.18
2026-02-27 11:00:00,824.86,8.34,73.5
2026-02-27 12:00:00,816.57,8.72,76.15
2026-02-27 13:00:00,493.13,8.68,44.56
2026-02-27 14:00:00,594.19,7.78,52.65
2026-02-27 15:00:00,481.16,9.36,40.94
2026-02-27 16:00:00,351.27,6.84,31.69
2026-02-27 17:00:00,172.5,9.7,14.88
2026-02-27 18:00:00,0.0,8.94,0.0
2026-02-27 19:00:00,0.0,5.44,0.0
2026-02-27 20:00:00,0.0,3.69,0.0
2026-02-27 21:00:00,0.0,5.14,0.0
2026-02-27 22:00:00,0.0,3.51,0.0
2026-02-27 23:00:00,0.0,3.81,0.0
2026-02-28 00:00:00,0.0,0.48,0.0
2026-02-28 01:00:00,0.0,-0.05,0.0
2026-02-28 02:00:00,0.0,-0.09,0.0
2026-02-28 03:00:00,0.0,-1.1,0.0
2026-02-28 04:00:00,0.0,0.13,0.0
2026-02-28 05:00:00,0.0,1.32,0.0
2026-02-28 06:00:00,5.98,0.87,0.11
2026-02-28 07:00:00,229.77,0.3,20.88
2026-02-28 08:00:00,440.86,5.67,39.23
2026-02-28 09:00:00,635.0,3.17,57.27
2026-02-28 10:00:00,648.04,7.4,57.99
2026-02-28 11:00:00,506.67,7.04,46.36
2026-02-28 12:00:00,559.7,5.59,50.4
2026-02-28 13:00:00,883.29,8.04,79.45
2026-02-28 14:00:00,628.76,8.55,56.4
2026-02-28 15:00:00,389.54,8.05,34.79
2026-02-28 16:00:00,355.26,8.4,32.17
2026-02-28 17:00:00,131.23,8.04,12.12
2026-02-28 18:00:00,0.0,8.91,0.0
2026-02-28 19:00:00,0.0,8.57,0.0
2026-02-28 20:00:00,0.0,5.68,0.0
2026-02-28 21:00:00,0.0,1.82,0.0
2026-02-28 22:00:00,0.0,3.14,0.0
2026-02-28 23:00:00,0.0,4.99,0.0
2026-03-01 00:00:00,0.0,-0.03,0.0
2026-03-01 01:00:00,0.0,-1.5,0.0
2026-03-01 02:00:00,0.0,-0.76,0.0
2026-03-01 03:00:00,0.0,1.26,0.0
2026-03-01 04:00:00,0.0,0.82,0.0
2026-03-01 05:00:00,0.0,-0.36,0.0
2026-03-01 06:00:00,0.0,1.01,0.0
2026-03-01 07:00:00,163.09,4.87,16.2
2026-03-01 08:00:00,302.22,5.89,27.24
2026-03-01 09:00:00,361.09,3.23,33.69
2026-03-01 10:00:00,649.14,6.64,57.91
2026-03-01 11:00:00,729.66,6.79,67.61
2026-03-01 12:00:00,607.96,5.22,55.44
2026-03-01 13:00:00,737.06,8.25,66.09
2026-03-01 14:00:00,631.78,8.13,55.16
2026-03-01 15:00:00,547.76,4.74,50.15
2026-03-01 16:00:00,441.03,6.49,39.47
2026-03-01 17:00:00,224.87,8.41,19.98
2026-03-01 18:00:00,17.77,6.41,2.26
2026-03-01 19:00:00,0.0,6.02,0.0
2026-03-01 20:00:00,0.0,6.37,0.0
2026-03-01 21:00:00,0.0,4.03,0.0
2026-03-01 22:00:00,0.0,2.69,0.0
2026-03-01 23:00:00,0.0,3.18,0.0
2026-03-02 00:00:00,0.0,-2.83,0.0
2026-03-02 01:00:00,0.0,-0.44,0.0
2026-03-02 02:00:00,0.0,-2.41,0.0
2026-03-02 03:00:00,0.0,1.17,0.0
2026-03-02 04:00:00,0.0,1.58,0.0
2026-03-02 05:00:00,0.0,-1.3,0.0
2026-03-02 06:00:00,19.01,4.57,1.61
2026-03-02 07:00:00,205.64,3.17,18.04
2026-03-02 08:00:00,450.37,5.79,39.61
2026-03-02 09:00:00,352.83,5.4,32.4
2026-03-02 10:00:00,716.69,7.36,61.8
2026-03-02 11:00:00,585.99,8.81,52.39
2026-03-02 12:00:00,718.12,8.63,66.24
2026-03-02 13:00:00,718.16,6.12,65.42
2026-03-02 14:00:00,584.46,6.64,54.77
2026-03-02 15:00:00,617.14,10.22,56.15
2026-03-02 16:00:00,326.46,8.2,28.64
2026-03-02 17:00:00,145.1,7.31,10.99
2026-03-02 18:00:00,0.0,8.34,0.0
2026-03-02 19:00:00,0.0,6.72,0.0
2026-03-02 20:00:00,0.0,3.67,0.0
2026-03-02 21:00:00,0.0,4.54,0.0
2026-03-02 22:00:00,0.0,2.92,0.0
2026-03-02 23:00:00,0.0,3.52,0.0
